Workbook

Sheet Original Dataset
A1: application_id | B1: customer_name | C1: application_type | D1: file_depth | E1: account_age | F1: identity_consistency | G1: phone_reuse | H1: email_reuse | I1: address_reuse | J1: device_reuse | K1: ip_risk | L1: synthetic_indicator | M1: manual_risk_label
A2: T001 | B2: Aster Bank | C2: New | D2: Thin-file | E2: <1 mo | F2: Mismatched | G2: Reused | H2: Reused | I2: Reused | J2: Shared | K2: High | L2: Yes | M2: High
A3: T002 | B3: Blue Harbor Retail | C3: New | D3: Stable | E3: 1-12 mo | F3: Consistent | G3: Same | H3: Same | I3: Same | J3: Same | K3: Low | L3: No | M3: Low
A4: T003 | B4: Cedar Lending | C4: New | D4: Thin-file | E4: <1 mo | F4: Partial | G4: Shared | H4: Reused | I4: Same | J4: Shared | K4: High | L4: Yes | M4: High
A5: T004 | B5: Delta Credit | C5: Existing | D5: Moderate | E5: 12+ mo | F5: Consistent | G5: Same | H5: Same | I5: Same | J5: Same | K5: Low | L5: No | M5: Low
A6: T005 | B6: Echo Finance | C6: New | D6: Thin-file | E6: <1 mo | F6: Mismatched | G6: Shared | H6: Shared | I6: Reused | J6: Shared | K6: High | L6: Yes | M6: High
A7: T006 | B7: Fjord Payments | C7: New | D7: Thin-file | E7: <1 mo | F7: Partial | G7: Shared | H7: Same | I7: Reused | J7: Shared | K7: High | L7: Yes | M7: High
A8: T007 | B8: Grove Markets | C8: Existing | D8: Stable | E8: 12+ mo | F8: Consistent | G8: Same | H8: Shared | I8: Same | J8: Same | K8: Low | L8: No | M8: Low
A9: T008 | B9: Harbor Loans | C9: New | D9: Thin-file | E9: <1 mo | F9: Mismatched | G9: Reused | H9: Shared | I9: Reused | J9: Shared | K9: High | L9: Yes | M9: High

Sheet Exercise 1
A1: application_id | B1: customer_name | C1: application_type | D1: file_depth | E1: account_age | F1: identity_consistency | G1: phone_reuse | H1: email_reuse | I1: address_reuse | J1: device_reuse | K1: ip_risk | L1: synthetic_indicator | M1: manual_risk_label | N1: propensity_score | O1: risk_band | P1: monitoring_action
A2: ='Original Dataset'!A2 -> T001 | B2: ='Original Dataset'!B2 -> Aster Bank | C2: ='Original Dataset'!C2 -> New | D2: ='Original Dataset'!D2 -> Thin-file | E2: ='Original Dataset'!E2 -> <1 mo | F2: ='Original Dataset'!F2 -> Mismatched | G2: ='Original Dataset'!G2 -> Reused | H2: ='Original Dataset'!H2 -> Reused | ... M2: ='Original Dataset'!M2 -> High | N2: =IF(D2="Thin-file",2,0)+IF(E2="<1 mo",2,0)+IF(F2="Mismatched",2,0)+IF(G2="Reused",1,0)+IF(H2="Reused",1,0)+IF(I2="Reused",1,0)+IF(J2="Shared",1,0)+IF(K2="High",2,0)+IF(L2="Yes",2,0) -> 14 | O2: =IF(N2>=8,"High",IF(N2>=4,"Medium","Low")) -> High | P2: =IF(O2="High","Investigate and hold for review",IF(O2="Medium","Step-up review","Standard onboarding")) -> Investigate and hold for review
A3: ='Original Dataset'!A3 -> T002 | B3: ='Original Dataset'!B3 -> Blue Harbor Retail | C3: ='Original Dataset'!C3 -> New | D3: ='Original Dataset'!D3 -> Stable | E3: ='Original Dataset'!E3 -> 1-12 mo | F3: ='Original Dataset'!F3 -> Consistent | G3: ='Original Dataset'!G3 -> Same | H3: ='Original Dataset'!H3 -> Same | ... M3: ='Original Dataset'!M3 -> Low | N3: =IF(D3="Thin-file",2,0)+IF(E3="<1 mo",2,0)+IF(F3="Mismatched",2,0)+IF(G3="Reused",1,0)+IF(H3="Reused",1,0)+IF(I3="Reused",1,0)+IF(J3="Shared",1,0)+IF(K3="High",2,0)+IF(L3="Yes",2,0) -> 0 | O3: =IF(N3>=8,"High",IF(N3>=4,"Medium","Low")) -> Low | P3: =IF(O3="High","Investigate and hold for review",IF(O3="Medium","Step-up review","Standard onboarding")) -> Standard onboarding
A4: ='Original Dataset'!A4 -> T003 | B4: ='Original Dataset'!B4 -> Cedar Lending | C4: ='Original Dataset'!C4 -> New | D4: ='Original Dataset'!D4 -> Thin-file | E4: ='Original Dataset'!E4 -> <1 mo | F4: ='Original Dataset'!F4 -> Partial | G4: ='Original Dataset'!G4 -> Shared | H4: ='Original Dataset'!H4 -> Reused | ... M4: ='Original Dataset'!M4 -> High | N4: =IF(D4="Thin-file",2,0)+IF(E4="<1 mo",2,0)+IF(F4="Mismatched",2,0)+IF(G4="Reused",1,0)+IF(H4="Reused",1,0)+IF(I4="Reused",1,0)+IF(J4="Shared",1,0)+IF(K4="High",2,0)+IF(L4="Yes",2,0) -> 10 | O4: =IF(N4>=8,"High",IF(N4>=4,"Medium","Low")) -> High | P4: =IF(O4="High","Investigate and hold for review",IF(O4="Medium","Step-up review","Standard onboarding")) -> Investigate and hold for review
A5: ='Original Dataset'!A5 -> T004 | B5: ='Original Dataset'!B5 -> Delta Credit | C5: ='Original Dataset'!C5 -> Existing | D5: ='Original Dataset'!D5 -> Moderate | E5: ='Original Dataset'!E5 -> 12+ mo | F5: ='Original Dataset'!F5 -> Consistent | G5: ='Original Dataset'!G5 -> Same | H5: ='Original Dataset'!H5 -> Same | ... M5: ='Original Dataset'!M5 -> Low | N5: =IF(D5="Thin-file",2,0)+IF(E5="<1 mo",2,0)+IF(F5="Mismatched",2,0)+IF(G5="Reused",1,0)+IF(H5="Reused",1,0)+IF(I5="Reused",1,0)+IF(J5="Shared",1,0)+IF(K5="High",2,0)+IF(L5="Yes",2,0) -> 0 | O5: =IF(N5>=8,"High",IF(N5>=4,"Medium","Low")) -> Low | P5: =IF(O5="High","Investigate and hold for review",IF(O5="Medium","Step-up review","Standard onboarding")) -> Standard onboarding
A6: ='Original Dataset'!A6 -> T005 | B6: ='Original Dataset'!B6 -> Echo Finance | C6: ='Original Dataset'!C6 -> New | D6: ='Original Dataset'!D6 -> Thin-file | E6: ='Original Dataset'!E6 -> <1 mo | F6: ='Original Dataset'!F6 -> Mismatched | G6: ='Original Dataset'!G6 -> Shared | H6: ='Original Dataset'!H6 -> Shared | ... M6: ='Original Dataset'!M6 -> High | N6: =IF(D6="Thin-file",2,0)+IF(E6="<1 mo",2,0)+IF(F6="Mismatched",2,0)+IF(G6="Reused",1,0)+IF(H6="Reused",1,0)+IF(I6="Reused",1,0)+IF(J6="Shared",1,0)+IF(K6="High",2,0)+IF(L6="Yes",2,0) -> 12 | O6: =IF(N6>=8,"High",IF(N6>=4,"Medium","Low")) -> High | P6: =IF(O6="High","Investigate and hold for review",IF(O6="Medium","Step-up review","Standard onboarding")) -> Investigate and hold for review
A7: ='Original Dataset'!A7 -> T006 | B7: ='Original Dataset'!B7 -> Fjord Payments | C7: ='Original Dataset'!C7 -> New | D7: ='Original Dataset'!D7 -> Thin-file | E7: ='Original Dataset'!E7 -> <1 mo | F7: ='Original Dataset'!F7 -> Partial | G7: ='Original Dataset'!G7 -> Shared | H7: ='Original Dataset'!H7 -> Same | ... M7: ='Original Dataset'!M7 -> High | N7: =IF(D7="Thin-file",2,0)+IF(E7="<1 mo",2,0)+IF(F7="Mismatched",2,0)+IF(G7="Reused",1,0)+IF(H7="Reused",1,0)+IF(I7="Reused",1,0)+IF(J7="Shared",1,0)+IF(K7="High",2,0)+IF(L7="Yes",2,0) -> 10 | O7: =IF(N7>=8,"High",IF(N7>=4,"Medium","Low")) -> High | P7: =IF(O7="High","Investigate and hold for review",IF(O7="Medium","Step-up review","Standard onboarding")) -> Investigate and hold for review
A8: ='Original Dataset'!A8 -> T007 | B8: ='Original Dataset'!B8 -> Grove Markets | C8: ='Original Dataset'!C8 -> Existing | D8: ='Original Dataset'!D8 -> Stable | E8: ='Original Dataset'!E8 -> 12+ mo | F8: ='Original Dataset'!F8 -> Consistent | G8: ='Original Dataset'!G8 -> Same | H8: ='Original Dataset'!H8 -> Shared | ... M8: ='Original Dataset'!M8 -> Low | N8: =IF(D8="Thin-file",2,0)+IF(E8="<1 mo",2,0)+IF(F8="Mismatched",2,0)+IF(G8="Reused",1,0)+IF(H8="Reused",1,0)+IF(I8="Reused",1,0)+IF(J8="Shared",1,0)+IF(K8="High",2,0)+IF(L8="Yes",2,0) -> 0 | O8: =IF(N8>=8,"High",IF(N8>=4,"Medium","Low")) -> Low | P8: =IF(O8="High","Investigate and hold for review",IF(O8="Medium","Step-up review","Standard onboarding")) -> Standard onboarding
A9: ='Original Dataset'!A9 -> T008 | B9: ='Original Dataset'!B9 -> Harbor Loans | C9: ='Original Dataset'!C9 -> New | D9: ='Original Dataset'!D9 -> Thin-file | E9: ='Original Dataset'!E9 -> <1 mo | F9: ='Original Dataset'!F9 -> Mismatched | G9: ='Original Dataset'!G9 -> Reused | H9: ='Original Dataset'!H9 -> Shared | ... M9: ='Original Dataset'!M9 -> High | N9: =IF(D9="Thin-file",2,0)+IF(E9="<1 mo",2,0)+IF(F9="Mismatched",2,0)+IF(G9="Reused",1,0)+IF(H9="Reused",1,0)+IF(I9="Reused",1,0)+IF(J9="Shared",1,0)+IF(K9="High",2,0)+IF(L9="Yes",2,0) -> 13 | O9: =IF(N9>=8,"High",IF(N9>=4,"Medium","Low")) -> High | P9: =IF(O9="High","Investigate and hold for review",IF(O9="Medium","Step-up review","Standard onboarding")) -> Investigate and hold for review
